Delivery ID,Starting Time,Van Model,Num Packages,Town,Start Lat,Start Lon,End Lat,End Lon,Temperature,Conditions,Delivery Time
1,2026-01-01 00:00:00,Van A,4,Mumbai,18.6082788347322,73.81979726861215,18.912351369682913,74.34068675926684,34.4,Clear,1701.0
2,2026-01-01 00:37:00,Van C,19,Ahilyanagar,18.657992352774183,73.8288835475463,18.561227980313905,74.62623264901272,18.5,Cloudy,2603.0
3,2026-01-01 01:14:00,Van B,28,Ahilyanagar,18.593986282422666,73.83839172573319,19.110446956011895,74.15464154761756,21.6,Rain,3592.0
4,2026-01-01 01:51:00,Van B,26,Mumbai,18.78389072044085,74.44348310757238,19.04940189697541,74.40502339106702,22.8,Cloudy,2986.0
5,2026-01-01 02:28:00,Van B,8,Pune,18.946606686127048,73.84636275705155,18.679650889161625,74.85944315044182,27.7,Clear,1818.0
6,2026-01-01 03:05:00,Van C,14,Mumbai,18.582602300370734,74.72285878151632,18.86288743745002,74.32637613694166,26.2,Clear,2035.0
7,2026-01-01 03:42:00,Van A,16,Mumbai,18.66458859364389,74.60512581792548,18.51282183996001,74.79175709182105,35.0,Cloudy,2450.0
8,2026-01-01 04:19:00,Van C,8,Ahilyanagar,19.14430769407132,74.68377062988563,19.17787699834688,74.65240714910772,32.8,Clear,1575.0
9,2026-01-01 04:56:00,Van A,8,Ahilyanagar,18.438855431877567,74.33127263226324,19.122314150104227,73.77046241798018,30.5,Rain,2238.0
10,2026-01-01 05:33:00,Van A,7,Ahilyanagar,18.76861568419165,74.89601265382299,19.13751800519936,74.2149186457631,28.7,Rain,2160.0
11,2026-01-01 06:10:00,Van B,29,Nashik,18.969246433277423,73.753010123533,18.66573043816276,74.53798208944231,30.0,Cloudy,3669.0
12,2026-01-01 06:47:00,Van C,22,Mumbai,18.52036320924598,74.18151795702335,18.535307765906282,74.88405429493784,23.7,Rain,3009.0
13,2026-01-01 07:24:00,Van C,25,Pune,18.437899216004386,74.08872400272517,18.569417730773047,74.25005154939382,32.3,Clear,3163.0
14,2026-01-01 08:01:00,Van C,24,Nashik,18.51056429731082,74.83837459845518,18.47200111283607,73.8113425449521,22.4,Clear,3512.0
15,2026-01-01 08:38:00,Van C,28,AHILYANAGAR,19.135058554824546,74.39223315019711,18.496088504081108,74.37441100965545,32.2,Rain,3461.0
16,2026-01-01 09:15:00,Van C,4,Mumbai,18.407407825456897,74.66742915853368,18.457043627347876,73.85187655054875,33.9,Rain,1154.0
17,2026-01-01 09:52:00,Van B,26,Nashik,18.55065757984908,73.90440943239022,19.1918584553639,74.60182347233528,29.1,Clear,3664.0
18,2026-01-01 10:29:00,Van A,2,Nashik,18.425026810321313,74.87436097268053,18.459246146695257,74.30921239695414,27.1,Cloudy,929.0
19,2026-01-01 11:06:00,Van C,14,Pune,18.488503574049762,74.29836745625158,18.50603366476113,74.56811764205275,30.0,Clear,2219.0
20,2026-01-01 11:43:00,Van B,18,Pune,18.896119429302637,74.29240649152477,19.06180367647259,74.74323419225423,13.7,Cloudy,2136.0
21,2026-01-01 12:20:00,Van B,11,Pune,18.593311126991267,74.86506167425489,18.864192173394354,74.45473762059534,29.5,Rain,2156.0
22,2026-01-01 12:57:00,Van B,5,Pune,18.85536964034454,74.15687883346058,19.019533763655463,74.43492719510382,27.4,Rain,1957.0
23,2026-01-01 13:34:00,Van A,6,Mumbai,18.8721563062129,74.177030029466,18.904729606218122,74.60548435452756,27.7,Cloudy,1686.0
24,2026-01-01 14:11:00,Van C,24,Mumbai,19.07954826647182,74.40170324336593,19.10574005626316,74.71094600174321,31.5,Rain,3619.0
25,2026-01-01 14:48:00,Van C,10,Mumbai,18.4037931143295,73.85366313265735,18.91077402221179,74.7428645435324,27.6,Cloudy,1596.0
26,2026-01-01 15:25:00,Van B,9,Pune,19.08269556747389,74.08530275169423,18.81770007432252,73.74371623481946,22.3,Rain,1826.0
27,2026-01-01 16:02:00,Van B,27,Pune,18.895295269141577,73.93184998693415,18.970199755009038,74.36742835615735,27.3,Clear,3182.0
28,2026-01-01 16:39:00,Van C,5,Nashik,18.530194788883964,73.82394017492847,18.757914201433685,73.95952317175707,28.3,Cloudy,1307.0
29,2026-01-01 17:16:00,Van B,27,Ahilyanagar,19.018349910508228,74.73937352759722,18.676851058323788,74.73241506893814,28.6,Cloudy,3697.0
30,2026-01-01 17:53:00,Van B,27,NASHIK,19.08439323343247,74.40719739935298,18.77412196196017,74.47807722224404,28.8,Cloudy,3496.0
31,2026-01-01 18:30:00,Van B,18,Nashik,18.603410787003323,74.1304073498335,18.535771284078848,74.20426697483893,,Clear,2186.0
32,2026-01-01 19:07:00,Van A,5,Pune,19.135034944722143,74.19040325284006,19.037257383842153,73.92572507374562,22.6,Clear,980.0
33,2026-01-01 19:44:00,Van A,5,Ahilyanagar,18.763565944238927,74.21782280442483,18.608563025068754,74.1068283511038,28.9,Rain,961.0
34,2026-01-01 20:21:00,Van B,9,Nashik,18.882739563466657,74.45977901857366,18.522825237069636,74.54453323344828,34.4,Clear,1902.0
35,2026-01-01 20:58:00,Van C,17,Pune,19.187719626894115,74.8121232697868,18.59708179342658,73.94523145425397,19.3,Cloudy,3134.0
36,2026-01-01 21:35:00,Van A,5,Ahilyanagar,18.689228862911357,74.81933554358838,19.07365612141779,73.81229953440605,28.9,Cloudy,1784.0
37,2026-01-01 22:12:00,Van C,14,Mumbai,19.05052747665609,74.1697903754368,18.664161036478184,74.76563450987307,25.1,Cloudy,1661.0
38,2026-01-01 22:49:00,Van C,4,Pune,18.654719294262765,74.09511495151733,18.94883989560472,74.61705241949615,26.1,Clear,1706.0
39,2026-01-01 23:26:00,Van A,16,Nashik,19.03937081779319,74.2412558002223,19.08512770452459,73.93975391678977,23.5,Clear,2701.0
40,2026-01-02 00:03:00,Van B,1,Mumbai,18.880587135090114,74.38152107651419,18.46219573354003,74.050773852116,27.2,Clear,531.0
41,2026-01-02 00:40:00,Van A,21,Ahilyanagar,18.57308455618032,74.25418149373971,19.012019524142435,74.86648421255707,37.2,,2804.0
42,2026-01-02 01:17:00,Van C,2,Mumbai,18.731220875031386,74.49050409178004,18.646132373103224,74.54982138411094,21.7,Clear,1419.0
43,2026-01-02 01:54:00,Van C,6,Nashik,18.654108507490847,74.36527882805572,18.573297891347234,74.4326264050566,22.2,Clear,1635.0
44,2026-01-02 02:31:00,Van B,6,Nashik,18.46248671446429,74.08485865603289,18.951121161962377,74.06915418250897,21.5,Clear,1077.0
45,2026-01-02 03:08:00,Van A,25,Ahilyanagar,18.423867816079756,74.11487696691516,19.127837298186588,74.05895017299983,36.6,Rain,3458.0
46,2026-01-02 03:45:00,Van C,2,Pune,18.677182924325745,74.15431134507168,18.636015366969914,73.74742834242828,25.7,Cloudy,449.0
47,2026-01-02 04:22:00,Van B,13,Pune,18.415227318253987,73.81356772189928,18.855067044307454,74.57417824028232,27.9,Clear,2068.0
48,2026-01-02 04:59:00,Van C,18,AHILYANAGAR,18.53239020606542,73.89927515889677,18.63186729107959,73.75181027006826,26.0,Cloudy,60000.0
49,2026-01-02 05:36:00,Van C,15,Ahilyanagar,18.980146656680695,74.56773656257447,18.84342846858114,73.70582880533274,23.3,Clear,2331.0
50,2026-01-02 06:13:00,Van C,20, pune ,18.96647298854687,74.1669160538265,18.897489624523473,74.57539410543318,26.8,Cloudy,2650.0
51,2026-01-02 06:50:00,Van C,24,Ahilyanagar,18.990864309165904,73.95744676707217,18.888268311032142,74.83864850857896,40.3,Clear,3447.0
52,2026-01-02 07:27:00,Van A,12,Nashik,18.65372253690398,74.37520689268983,18.898837095714196,74.60780365727278,35.0,Clear,2332.0
53,2026-01-02 08:04:00,Van B,25,Ahilyanagar,19.112015565694154,74.60664745096811,18.508063833774017,74.26596822874926,23.7,Clear,3668.0
54,2026-01-02 08:41:00,Van B,10,Mumbai,18.875064438422758,74.00890683481445,18.954832375669376,74.28325429947306,31.2,Cloudy,2112.0
55,2026-01-02 09:18:00,Van B,29,Pune,18.5008210733973,74.6921478583085,18.939800285104177,74.22336370717893,23.8,Cloudy,3979.0
56,2026-01-02 09:55:00,Van A,15,Mumbai,18.514974929164428,74.81300583155007,18.946070497773505,74.0895724005324,19.1,Cloudy,2545.0
57,2026-01-02 10:32:00,Van B,22,Nashik,18.95447634154376,74.41687343488861,18.459256442190963,74.32605705702301,33.1,Cloudy,3070.0
58,2026-01-02 11:09:00,Van A,26,Mumbai,18.538355149153663,74.5027371907899,18.75747107393132,74.21738114856934,33.8,Rain,3397.0
59,2026-01-02 11:46:00,Van C,23,Nashik,18.805834161265633,73.76309118838768,18.727228105636584,74.41780145604893,33.2,Rain,3014.0
60,2026-01-02 12:23:00,Van C,25,Nashik,19.19341958074297,74.83462386922629,18.46936918691456,74.77774409660132,25.7,Cloudy,
61,2026-01-02 13:00:00,Van C,16,Mumbai,18.40320608378667,74.17098168111794,18.577894342317446,74.89401130078858,27.2,Cloudy,2133.0
62,2026-01-02 13:37:00,Van C,2,Ahilyanagar,18.413263841518045,74.80868048065452,18.75277010543843,73.7944919478595,,Cloudy,1005.0
63,2026-01-02 14:14:00,Van B,15,Pune,19.194467665544405,74.39477302970029,18.994325047886466,74.16162016719362,30.0,Clear,2397.0
64,2026-01-02 14:51:00,Van C,6,Ahilyanagar,18.867711067307333,73.705542558612,18.58964966158773,73.91684743492017,26.0,Cloudy,1902.0
65,2026-01-02 15:28:00,Van B,26,Mumbai,18.50152798041481,73.74625039918813,19.06379992809993,74.12254456871064,19.9,Clear,3357.0
66,2026-01-02 16:05:00,Van A,7,Nashik,19.117841759803273,74.51650256680391,18.83663862859157,74.04496762225811,28.6,Rain,1866.0
67,2026-01-02 16:42:00,Van C,7,Mumbai,19.104304240102152,74.37520161659832,19.008337348147695,73.90944455795216,33.4,Cloudy,1889.0
68,2026-01-02 17:19:00,Van B,8,Ahilyanagar,18.8289603304891,73.73183892464729,18.778044786669483,74.61689126410555,22.0,Rain,
69,2026-01-02 17:56:00,Van A,19,Nashik,18.897433623888602,74.59215195346687,18.79935538033778,74.29554649139509,31.2,Rain,2883.0
70,2026-01-02 18:33:00,Van B,17,Pune,18.6185497532007,74.72257440448303,18.89577551150371,74.80309469866067,29.7,Cloudy,2442.0
71,2026-01-02 19:10:00,Van C,28,Ahilyanagar,18.440415757097604,74.29570097892717,19.142376486532658,73.73911093189642,31.8,Rain,3957.0
72,2026-01-02 19:47:00,Van A,13,Pune,18.87565408711269,74.25890892842871,18.793450065130326,73.78037361575839,32.4,Cloudy,2326.0
73,2026-01-02 20:24:00,Van B,9,Mumbai,18.63580415456221,73.70656773060155,18.82292603048663,74.18392829951642,24.5,Clear,1398.0
74,2026-01-02 21:01:00,Van A,2,Ahilyanagar,18.93089683732828,74.64397965499232,18.881597570822024,73.79633278448485,19.9,Clear,1138.0
75,2026-01-02 21:38:00,Van C,1,Nashik,19.06899614147408,74.09685928009533,18.99001210983818,74.01527551569781,25.3,Clear,1489.0
76,2026-01-02 22:15:00,Van B,11,Pune,18.41452843513149,74.75451634373906,18.457480268388988,74.88323569169195,32.4,Rain,1891.0
77,2026-01-02 22:52:00,Van A,27,Ahilyanagar,18.87657101974858,74.14767270506967,18.812549950817576,73.95075152898154,25.3,Cloudy,3599.0
78,2026-01-02 23:29:00,Van A,16,PUNE,18.58502443174948,74.37809349275685,18.785273271364833,73.93774128969451,24.5,Clear,2584.0
79,2026-01-03 00:06:00,Van B,26,Nashik,19.09911079832304,74.0244101458392,19.137347987390054,74.38836880255485,18.9,Cloudy,3059.0
80,2026-01-03 00:43:00,Van C,3,Mumbai,18.602931605249463,73.8927059751019,18.794805264349073,74.29759794895179,36.8,Clear,
81,2026-01-03 01:20:00,Van C,3,Mumbai,18.888616106588334,74.6298894840576,18.774656427755463,74.39652595664342,32.1,Rain,767.0
82,2026-01-03 01:57:00,Van B,25,Mumbai,18.842832672071687,74.29590857461554,19.16975999082776,74.15208233385026,31.8,Rain,3087.0
83,2026-01-03 02:34:00,Van A,4,Mumbai,18.716933200047396,74.3437855085027,18.760461170880703,74.69211483187394,32.8,Clear,1603.0
84,2026-01-03 03:11:00,Van C,2,Ahilyanagar,18.942096610879833,74.85849914417808,18.544707544257673,73.86629666173096,30.9,Rain,1197.0
85,2026-01-03 03:48:00,Van B,12,Pune,18.980615707772348,74.85629589466659,18.57353289824463,74.21407117500976,26.8,Cloudy,1949.0
86,2026-01-03 04:25:00,Van C,27,MUMBAI,18.853550236255508,74.72677054604289,18.47615003066958,74.52771421813291,27.2,Clear,3599.0
87,2026-01-03 05:02:00,Van A,20,Mumbai,19.006737789747802,73.92513115131804,18.400454503407154,74.74188372833949,25.9,Rain,2782.0
88,2026-01-03 05:39:00,Van A,3, pune ,19.18673366079435,74.4131272331619,18.745556528800385,74.14348592762812,41.2,Clear,1189.0
89,2026-01-03 06:16:00,Van C,25,Ahilyanagar,18.735417910320642,74.75377690958665,19.015394065038578,74.38129471891251,,,3472.0
90,2026-01-03 06:53:00,Van C,25,Pune,18.811666441508425,74.14935672373873,18.986773154239867,73.78296793400872,25.7,,3057.0
91,2026-01-03 07:30:00,Van B,24,Ahilyanagar,18.40997590235297,73.82132739912271,18.42571927024228,73.9043829057342,30.3,Cloudy,3192.0
92,2026-01-03 08:07:00,Van C,27,Nashik,19.036822845048302,74.67315548268792,18.855986322875225,73.78296579495934,22.9,Cloudy,3371.0
93,2026-01-03 08:44:00,Van C,7,Mumbai,18.816184053636793,74.27811626163461,18.52342650033078,74.57345707039823,35.5,Clear,1089.0
94,2026-01-03 09:21:00,Van B,29, pune ,18.72636914428845,74.37727121643101,19.152861027811756,74.04567196246657,24.7,Clear,3379.0
95,2026-01-03 09:58:00,Van C,10,Nashik,18.475257570471516,74.87857315558142,18.53389199971534,74.5684943482302,30.5,Clear,2320.0
96,2026-01-03 10:35:00,Van A,24,Pune,19.11172513734032,74.42865371659289,18.901311374157984,73.77967793485193,33.3,Rain,3295.0
97,2026-01-03 11:12:00,Van A,17,Mumbai,18.716005792032444,74.20997526279933,18.660990689731243,74.73505736048999,29.9,Rain,2118.0
98,2026-01-03 11:49:00,Van C,23,Mumbai,18.946065278567374,74.14398124141664,18.91324906077148,74.70263623773332,28.5,Rain,2623.0
99,2026-01-03 12:26:00,Van B,19,Pune,18.519499325094518,74.20114315118487,18.72980687717126,73.80671449166034,28.1,Cloudy,2671.0
100,2026-01-03 13:03:00,Van A,19,Nashik,19.169239703632826,73.84207889981441,19.007714441845113,73.72850780774863,27.7,Cloudy,3173.0
101,2026-01-03 13:40:00,Van C,18,Nashik,18.542753409457465,74.65370067010109,18.584543300262286,73.7675465755784,25.1,Rain,2554.0
102,2026-01-03 14:17:00,Van A,23,Nashik,18.559633594319592,74.70526022982446,19.124633482331408,74.72435620777608,25.8,Cloudy,3477.0
103,2026-01-03 14:54:00,Van C,22,Mumbai,19.08718628844617,74.04127656148809,18.80016771945068,73.98164418686228,35.4,Cloudy,3096.0
104,2026-01-03 15:31:00,Van A,4,Pune,19.130066195313542,74.06455594209194,19.004874518170283,74.35792798142982,27.5,Clear,
105,2026-01-03 16:08:00,Van C,24,Nashik,18.56971792601864,74.74920110760178,19.079784153120983,74.21149304381608,,Cloudy,2779.0
106,2026-01-03 16:45:00,Van C,16,Pune,18.77584071053986,73.72876442663355,19.199062888763844,74.65463063147433,25.4,Clear,2701.0
107,2026-01-03 17:22:00,Van C,10,Pune,18.986795923650263,74.32454893252067,18.579156532475164,74.28667796176481,33.5,Clear,1750.0
108,2026-01-03 17:59:00,Van B,15,Mumbai,19.10269258704864,74.25641085761781,18.629513930850763,74.30079300879353,31.4,Rain,2584.0
109,2026-01-03 18:36:00,Van B,29,Mumbai,18.703242156029845,74.52815212349415,18.60034646938551,74.88691032739989,30.8,Rain,3411.0
110,2026-01-03 19:13:00,Van C,25,Pune,18.813615589479543,73.89607004017935,18.610297065727824,73.88015546809912,26.7,Clear,3328.0
111,2026-01-03 19:50:00,Van A,25,Ahilyanagar,18.993373128415787,74.5019968889542,18.8659557932315,74.69684472649513,30.9,Clear,3381.0
112,2026-01-03 20:27:00,Van C,14,Pune,18.984908781322236,74.15208080944986,19.194818018516674,73.76209969472467,24.8,Clear,2184.0
113,2026-01-03 21:04:00,Van B,23,Pune,19.026368104020868,74.44245773380358,19.192222469674203,74.27317852348757,26.7,Rain,3206.0
114,2026-01-03 21:41:00,Van B,12,Nashik,18.85594705491322,73.74811401184733,18.821418585089845,74.76360178871964,32.8,Clear,1960.0
115,2026-01-03 22:18:00,Van B,20,Pune,18.48369207744382,74.25407263662142,18.91122176821174,74.49825675872495,32.4,Clear,2605.0
116,2026-01-03 22:55:00,Van B,19,Nashik,19.12317863270243,74.32670107277885,19.087976434961284,74.52225754323936,23.1,Clear,3187.0
117,2026-01-03 23:32:00,Van A,8,Mumbai,19.09245803145682,73.95719168342599,19.146346766762804,74.01598073870778,23.7,Rain,1975.0
118,2026-01-04 00:09:00,Van A,8,Ahilyanagar,19.038477948654666,73.86754838501494,18.563088501863636,74.20228974963375,28.5,Cloudy,1432.0
119,2026-01-04 00:46:00,Van A,2,Ahilyanagar,18.479889981728583,73.92616916361476,18.822833383153963,74.13989727619887,36.6,Rain,1261.0
120,2026-01-04 01:23:00,Van A,5,Nashik,18.563517893665143,74.11296929367602,19.06626964372921,74.32573185218959,18.4,Rain,1152.0
121,2026-01-04 02:00:00,Van B,13,Pune,18.99488029208612,73.81617217916597,18.64256166130767,74.2546735161724,29.4,Clear,1780.0
122,2026-01-04 02:37:00,Van C,14,Pune,18.418512075665557,74.83678375487553,18.75184723398437,74.09227802225239,,Rain,2540.0
123,2026-01-04 03:14:00,Van B,5,Nashik,19.183379706965823,74.18599287379499,19.188496881209606,74.06657673484541,24.8,Cloudy,864.0
124,2026-01-04 03:51:00,Van B,13,Pune,18.70171574428454,74.6707635230081,19.188037357376697,74.00102346998615,26.2,Cloudy,2413.0
125,2026-01-04 04:28:00,Van C,18,Mumbai,18.975450026952657,74.86930054773062,19.124885448612144,74.13805669626171,25.9,Clear,2534.0
126,2026-01-04 05:05:00,Van B,7,Mumbai,19.110056870790434,73.79688233600329,19.038758675862447,73.87992977352087,25.3,Rain,1502.0
127,2026-01-04 05:42:00,Van A,10,Mumbai,18.715703910520066,74.482003361522,18.615304400578243,74.7465251624043,28.0,Rain,1973.0
128,2026-01-04 06:19:00,Van C,11,Ahilyanagar,18.655305990879732,74.74569090408946,18.65668005925375,74.42254327020012,25.3,Cloudy,2119.0
129,2026-01-04 06:56:00,Van B,15,Ahilyanagar,18.886992903118596,74.46108132076007,18.8378262729639,73.86054371071263,20.7,,2077.0
130,2026-01-04 07:33:00,Van B,11,Ahilyanagar,18.86479149899844,74.2148313456289,18.848621899649608,74.5326312010508,31.9,Rain,2160.0
131,2026-01-04 08:10:00,Van B,22,Nashik,18.727311982099838,74.21729162916553,18.804402255485652,74.71719976159757,31.8,Rain,3024.0
132,2026-01-04 08:47:00,Van B,10,Ahilyanagar,18.881419804694165,73.74307866320883,18.909336223933042,73.98504280646272,32.2,Cloudy,1473.0
133,2026-01-04 09:24:00,Van A,13,Mumbai,19.148305095653196,74.34152090154714,18.72665841810639,73.88072071320472,20.3,Cloudy,2084.0
134,2026-01-04 10:01:00,Van B,12,Mumbai,18.774112205301275,74.89225159614422,18.999339325852425,73.71034070856051,29.5,Clear,2454.0
135,2026-01-04 10:38:00,Van C,6,Ahilyanagar,18.557393744600503,74.85044903116632,18.666839941182683,73.75670040662779,31.4,Clear,1973.0
136,2026-01-04 11:15:00,Van A,20,Pune,18.701764786306402,73.7484790746106,18.66454159755708,74.61470161796422,22.8,Rain,3015.0
137,2026-01-04 11:52:00,Van B,7,Ahilyanagar,18.715285586074494,74.54695640435538,18.50178076951346,74.88462359845003,28.0,Cloudy,1208.0
138,2026-01-04 12:29:00,Van A,9,Nashik,18.504886954420975,74.06211784003632,18.550969768023133,73.75385638697153,27.4,Clear,1902.0
139,2026-01-04 13:06:00,Van B,23,Ahilyanagar,18.53029720044364,74.78358698408736,19.080416703137086,74.59768515089587,37.2,Rain,3340.0
140,2026-01-04 13:43:00,Van B,28,Ahilyanagar,18.94764965871494,73.75413769485114,18.757025870864354,73.78623459900915,37.6,Clear,3778.0
141,2026-01-04 14:20:00,Van C,20,Mumbai,18.67158220336712,74.8230489224133,18.582294229242265,74.4105593898844,19.7,Clear,3035.0
142,2026-01-04 14:57:00,Van A,27,Nashik,19.163918713484644,74.70497089254533,19.007472880017907,74.60729033891388,40.5,Clear,3574.0
143,2026-01-04 15:34:00,Van A,25,Mumbai,18.594877396286886,73.84100525870312,18.843184900653487,74.1310452767213,23.4,Cloudy,3253.0
144,2026-01-04 16:11:00,Van B,14,Mumbai,18.479139604083855,73.77178920478076,18.416924809138635,73.71312166533279,32.9,Cloudy,2047.0
145,2026-01-04 16:48:00,Van C,23,Nashik,19.002803650400207,74.70164919719232,18.65308916586937,74.41422722255052,32.9,Clear,2516.0
146,2026-01-04 17:25:00,Van C,10,Nashik,19.104828841534296,73.8869092051695,18.54160112889707,74.88949355376803,23.0,Cloudy,1952.0
147,2026-01-04 18:02:00,Van A,14,Ahilyanagar,18.62249068549719,74.34187778357105,18.92469828878627,74.00914090740619,30.5,Cloudy,2286.0
148,2026-01-04 18:39:00,Van A,16,Mumbai,18.56167048131638,74.79889382945446,18.6200248325042,73.92738953262466,27.5,Cloudy,2587.0
149,2026-01-04 19:16:00,Van C,28,Ahilyanagar,18.548612907896867,74.3809377362592,18.451957423367954,73.84871107130422,30.8,Cloudy,3159.0
150,2026-01-04 19:53:00,Van A,25,Mumbai,18.81760984109321,74.17667996176739,18.443947991358133,74.36630674388007,29.2,Rain,3469.0
151,2026-01-04 20:30:00,Van C,15,Nashik,18.774733312997416,74.2340192658248,18.86538183836697,74.41573411923233,34.0,Rain,2941.0
152,2026-01-04 21:07:00,Van A,19,Ahilyanagar,18.607551871883626,73.77574060484464,18.41737876456327,74.65072500460448,28.4,Clear,2729.0
153,2026-01-04 21:44:00,Van C,6,Nashik,18.43613849359154,74.86250278563392,19.07903369050887,74.60368792834461,27.2,Rain,1452.0
154,2026-01-04 22:21:00,Van A,24,Mumbai,18.785193072261023,74.0727850220973,18.52431769540582,74.77104979375412,33.5,Cloudy,3273.0
155,2026-01-04 22:58:00,Van B,17,Nashik,19.167465878108487,73.92723619000743,18.88525306815634,74.66692723801077,30.9,Clear,3125.0
156,2026-01-04 23:35:00,Van B,16,Ahilyanagar,18.92201536060213,74.04325676220847,18.755750422408596,73.99672049969534,31.7,Cloudy,2113.0
157,2026-01-05 00:12:00,Van A,23,Pune,18.796405245302893,74.85724783386978,18.75428121698552,74.36705288585092,24.7,Rain,3146.0
158,2026-01-05 00:49:00,Van B,19,Mumbai,18.48855365922369,73.81314326418561,18.457437713888034,74.0568943509123,22.8,Rain,2465.0
159,2026-01-05 01:26:00,Van B,3,Nashik,18.60194903243967,74.74076364860143,19.04220180016977,74.0957424554618,25.2,Cloudy,1021.0
160,2026-01-05 02:03:00,Van C,9,Nashik,18.635819159659633,74.54941267328174,19.1144419878026,74.818333243076,24.9,Clear,1740.0
161,2026-01-05 02:40:00,Van C,6,Ahilyanagar,19.011842842085787,74.69602301499084,18.408813333907382,74.5182750860805,31.9,Clear,1874.0
162,2026-01-05 03:17:00,Van B,22,Nashik,19.101368637811696,74.87107704844148,18.542883340557694,74.86950849590133,32.9,Clear,3530.0
163,2026-01-05 03:54:00,Van B,2,Mumbai,19.12131348285315,74.71058558662025,19.123123351036384,74.2002950440625,27.2,Rain,1224.0
164,2026-01-05 04:31:00,Van B,6,Ahilyanagar,19.1876548866006,74.83205882153342,18.839594890240047,74.34492508802478,35.2,,1357.0
165,2026-01-05 05:08:00,Van B,18,Ahilyanagar,19.185893346483624,73.85232230814911,18.520031662598566,74.28453850389971,34.8,Cloudy,3358.0
166,2026-01-05 05:45:00,Van C,21,Pune,19.162399306214386,74.65494627820037,18.562232362087325,73.82874446902848,29.2,Rain,2767.0
167,2026-01-05 06:22:00,Van A,15,Pune,18.457457712402306,74.35481083289726,18.92798899538969,73.98404239343192,23.9,Rain,2154.0
168,2026-01-05 06:59:00,Van A,25,Nashik,18.51023482874224,74.35219471409583,18.979853457797496,74.33316363272539,35.9,Rain,2743.0
169,2026-01-05 07:36:00,Van B,27,Mumbai,18.643573221180826,74.77870589158462,18.879541446863946,73.78084916615961,27.7,Clear,3884.0
170,2026-01-05 08:13:00,Van A,4,Mumbai,18.842318603251567,74.86616458237606,19.16251870393002,74.81775431517067,28.6,Cloudy,1570.0
171,2026-01-05 08:50:00,Van A,28,Ahilyanagar,18.477582310964383,74.54580598765182,18.79525088292942,73.84861241833205,26.3,Rain,4285.0
172,2026-01-05 09:27:00,Van A,18,Ahilyanagar,19.076637566241715,74.27952606736615,18.640217529714022,73.93757689570029,23.6,Rain,2193.0
173,2026-01-05 10:04:00,Van C,19,Nashik,18.893404943261846,74.24768462948222,18.781786327980637,74.61838546872637,20.7,Clear,3142.0
174,2026-01-05 10:41:00,Van C,3,Pune,18.833891521841764,74.16360974866782,18.687733034933288,73.81632145014719,31.2,Cloudy,1206.0
175,2026-01-05 11:18:00,Van C,19,Pune,18.532249058693832,74.1339188354872,18.57953271413975,74.78033371953849,24.1,Rain,2947.0
176,2026-01-05 11:55:00,Van B,22,Nashik,18.602604379520155,74.16980821002132,18.436770599472112,74.57084116486705,,Clear,2496.0
177,2026-01-05 12:32:00,Van C,17,Nashik,18.528249619985804,73.80770388230144,18.681769994852097,73.78234502853063,22.6,Cloudy,2955.0
178,2026-01-05 13:09:00,Van A,3,Pune,19.081546526235837,73.79292330231253,18.969127478167792,74.5302164735428,21.7,Clear,1421.0
179,2026-01-05 13:46:00,Van C,16,Nashik,18.867382288048972,74.63584381264678,18.414750242300155,74.45795425060558,30.6,,2408.0
180,2026-01-05 14:23:00,Van B,28,Pune,18.988103542015708,74.23528747150428,18.751342810564747,74.6088193192879,35.6,Clear,3754.0
181,2026-01-05 15:00:00,Van C,21,Ahilyanagar,18.63682629032802,74.81682138625355,18.915207521159893,74.6938374229872,28.3,Clear,2665.0
182,2026-01-05 15:37:00,Van A,4,Mumbai,18.69700210967062,74.43466521031274,18.888323287339446,74.56202067580779,30.9,Clear,1106.0
183,2026-01-05 16:14:00,Van B,28,Ahilyanagar,18.723883971541227,73.7422111786213,19.02131874871097,74.40341155432517,18.8,Clear,3421.0
184,2026-01-05 16:51:00,Van C,28,Nashik,19.008011977395228,73.88902800958098,19.048415772527836,74.08695598229814,24.6,Cloudy,3004.0
185,2026-01-05 17:28:00,Van B,5,Nashik,19.017882390139654,73.94698375161562,18.96936465673551,74.53672839419592,22.6,Clear,1634.0
186,2026-01-05 18:05:00,Van B,24,Nashik,18.565450822011226,74.8708832292676,18.4822381569158,74.84836590155695,18.5,Cloudy,3537.0
187,2026-01-05 18:42:00,Van A,12,Pune,19.153231085390477,73.96244507138196,18.780017955203487,74.40502613663466,28.6,Cloudy,1830.0
188,2026-01-05 19:19:00,Van B,18,Ahilyanagar,18.496524269954946,74.31890681154566,18.882724765990087,74.49721384212111,16.8,Cloudy,2714.0
189,2026-01-05 19:56:00,Van A,13,Ahilyanagar,19.116897665938904,74.82341231796823,18.59645283104756,74.22455365063976,21.4,Rain,2055.0
190,2026-01-05 20:33:00,Van A,23,PUNE,18.480316516519846,74.87263127589723,18.43404145411742,74.60734497169169,25.3,Cloudy,3183.0
191,2026-01-05 21:10:00,Van C,29,Nashik,18.611631848921046,73.98363252246025,18.578872256700837,74.89720087080637,,Cloudy,3467.0
192,2026-01-05 21:47:00,Van B,24,Nashik,19.077182828854365,73.75894117250004,18.76391552138611,73.89246718888128,30.0,Rain,2915.0
193,2026-01-05 22:24:00,Van B,28,Pune,18.54359365787687,73.88432219904531,18.73114425524368,73.94288633540452,29.5,Clear,3876.0
194,2026-01-05 23:01:00,Van B,28,Ahilyanagar,18.730854345047973,73.77599417444307,18.54133358506173,74.34732531039727,32.5,Rain,3541.0
195,2026-01-05 23:38:00,Van C,3,Ahilyanagar,18.7598874399553,73.93414908931081,19.059532434146792,74.277650476714,31.8,Rain,1792.0
196,2026-01-06 00:15:00,Van A,8,AHILYANAGAR,18.596207178418567,74.38228365764449,19.14054933498938,74.38588374140807,33.7,Clear,1674.0
197,2026-01-06 00:52:00,Van B,21,Ahilyanagar,18.96819616106879,74.79493855555478,18.56107865524217,73.75888885726913,28.0,Clear,2617.0
198,2026-01-06 01:29:00,Van A,18,Mumbai,19.081067719521762,74.34466266043322,19.143658332453775,74.18513174759654,29.5,Cloudy,2978.0
199,2026-01-06 02:06:00,Van B,2,Mumbai,19.099660111884457,74.4511874680389,18.414288767340143,74.39957391447868,30.6,Clear,1279.0
200,2026-01-06 02:43:00,Van C,3,Ahilyanagar,18.67145771658925,73.94224070193145,19.139969978165556,74.40222962156597,28.7,Cloudy,1403.0
201,2026-01-06 03:20:00,Van B,16,MUMBAI,18.82468031543025,74.66070034480863,19.161543032064724,74.48880075412205,26.0,Rain,2777.0
202,2026-01-06 03:57:00,Van C,18,Nashik,18.59872512309252,74.4413466902067,18.40964149041274,74.5642592348032,,Cloudy,2414.0
203,2026-01-06 04:34:00,Van B,5,Mumbai,18.595837201240116,74.73696419503128,19.010415437421397,74.46985664400903,23.9,Clear,1337.0
204,2026-01-06 05:11:00,Van C,5,Mumbai,18.529003250281537,74.83861172840695,19.176161258055874,74.64829178646733,30.1,Clear,1324.0
205,2026-01-06 05:48:00,Van B,4,AHILYANAGAR,19.15201520864601,74.11748093090792,19.124721775054223,74.44971276162151,27.5,Rain,893.0
206,2026-01-06 06:25:00,Van A,17,Mumbai,19.110391062884464,73.80869487024253,19.17656812895697,74.34500919504465,24.7,Clear,2436.0
207,2026-01-06 07:02:00,Van C,1,Ahilyanagar,19.021886970662152,73.97111474950015,18.84025880455811,74.42743571466538,24.7,Cloudy,1396.0
208,2026-01-06 07:39:00,Van C,17,Ahilyanagar,18.81412921703018,74.225409878811,18.46252491190831,73.821432040104,21.9,Rain,2586.0
209,2026-01-06 08:16:00,Van A,14,Nashik,18.792486332409496,74.83483238218938,19.07983135824403,74.02778784887063,32.9,Clear,1826.0
210,2026-01-06 08:53:00,Van C,14,Mumbai,18.823796532945998,74.1539717868481,18.891062604647207,74.33287973678976,,Cloudy,1763.0
211,2026-01-06 09:30:00,Van A,20,Ahilyanagar,18.82925441086167,74.62492785639844,18.89178939535063,74.74758465848205,23.7,Cloudy,3299.0
212,2026-01-06 10:07:00,Van C,16,Mumbai,18.747650467758152,74.34857203060491,18.73380288788695,74.51486186754559,32.0,Clear,2393.0
213,2026-01-06 10:44:00,Van C,22,Nashik,18.505403866313653,73.91937052451718,18.857473581216887,73.80848969416628,25.2,Cloudy,2796.0
214,2026-01-06 11:21:00,Van B,23,Mumbai,18.500531082294827,74.08488094274415,18.52286382326889,74.41072994053329,21.0,Cloudy,3003.0
215,2026-01-06 11:58:00,Van C,27,Pune,19.161799772676545,74.48383026202738,18.99181602125292,73.96608558516452,33.1,Clear,3022.0
216,2026-01-06 12:35:00,Van A,24,PUNE,18.785624607669078,74.50742407362188,18.46001384588123,74.58081987174647,25.3,Rain,3607.0
217,2026-01-06 13:12:00,Van A,16,AHILYANAGAR,19.162564419924152,74.22171169617086,18.983824613635033,74.6929290230105,26.0,,2302.0
218,2026-01-06 13:49:00,Van A,15, pune ,18.530861502168086,73.97437472319454,19.07918273809988,74.41214752710798,28.2,Clear,2735.0
219,2026-01-06 14:26:00,Van B,-2,Mumbai,18.843533241631945,74.56628813541522,18.77797494205159,74.40963513170206,33.7,Rain,1580.0
220,2026-01-06 15:03:00,Van C,18,Nashik,18.56617380268123,73.90264764993526,18.80786429284564,74.10630973185297,28.1,Rain,-100.0
221,2026-01-06 15:40:00,Van A,5,Ahilyanagar,18.60254768490128,74.82400363023815,18.64977141833766,74.23550002539358,22.0,Clear,1452.0
222,2026-01-06 16:17:00,Van B,28,Ahilyanagar,18.42404366300894,73.92548429484377,19.175566866980468,74.73693002457841,30.7,Clear,3816.0
223,2026-01-06 16:54:00,Van C,25,Mumbai,18.495162648592167,73.82877483539903,18.986499579647635,74.56798439716059,25.6,Cloudy,
224,2026-01-06 17:31:00,Van A,4,Ahilyanagar,19.133478726103355,74.29717724283846,18.695190842640276,74.32370439163502,37.4,,1467.0
225,2026-01-06 18:08:00,Van C,23,Nashik,18.657226393185866,74.32345951773164,18.539845908986404,74.14187886349805,28.0,Rain,3189.0
226,2026-01-06 18:45:00,Van A,4,Mumbai,18.886503369531674,74.3098314977339,18.57566367376167,73.76045568594627,16.8,Cloudy,1210.0
227,2026-01-06 19:22:00,Van C,21,Pune,18.772011305591416,74.22400098720661,18.77113782888804,73.87160888159167,29.8,Cloudy,3470.0
228,2026-01-06 19:59:00,Van B,3,Mumbai,18.72036099619622,74.89377787139554,19.15405472025147,73.93163022744724,37.7,Clear,913.0
229,2026-01-06 20:36:00,Van B,15,Pune,18.825508873076853,74.2835367352047,18.987317076608733,74.14806025191041,35.9,Cloudy,2326.0
230,2026-01-06 21:13:00,Van A,20,Nashik,18.549791155692272,74.27353589688781,18.572194998543317,74.83297237649154,37.2,Rain,2804.0
231,2026-01-06 21:50:00,Van B,22,Mumbai,19.19088311881566,74.20611927525748,19.08764890673512,74.30618407383051,22.9,Cloudy,3111.0
232,2026-01-06 22:27:00,Van C,13,Ahilyanagar,19.05464629496309,73.78019090564176,18.702560418407742,73.98180819591109,32.6,Cloudy,2006.0
233,2026-01-06 23:04:00,Van A,27,Mumbai,18.99329170618521,74.41154795737954,19.081377746202016,73.82690016495383,24.4,Clear,3559.0
234,2026-01-06 23:41:00,Van C,23,Ahilyanagar,18.775007437611162,73.97356132666782,18.593359678384903,74.10596662952356,,Rain,3034.0
235,2026-01-07 00:18:00,Van B,7,Ahilyanagar,18.522301697701067,74.46513077627486,18.894928489549052,74.67887676266128,21.6,Clear,1090.0
236,2026-01-07 00:55:00,Van C,-2, pune ,19.136532686618853,73.76100015433818,19.141336390465025,74.16001135209261,24.8,Clear,2803.0
237,2026-01-07 01:32:00,Van B,22,Pune,18.67310965390538,74.8776645215036,18.606315207318232,74.6270069672269,24.6,Clear,2660.0
238,2026-01-07 02:09:00,Van B,10,Pune,18.440085351757546,74.2628060948152,18.95434127246868,74.66324597135225,32.5,Rain,1330.0
239,2026-01-07 02:46:00,Van A,22,Nashik,18.673922941448502,74.77610644590884,19.189850095965713,73.83298492363845,32.0,Cloudy,3031.0
240,2026-01-07 03:23:00,Van B,27,Pune,19.035565624396707,74.27067340787953,18.5204786297944,74.43039170315214,29.4,Rain,3611.0
241,2026-01-07 04:00:00,Van A,24,Ahilyanagar,18.898166995990564,73.77239698228907,18.47072183256054,74.85091527604534,21.2,Cloudy,3338.0
242,2026-01-07 04:37:00,Van B,23,Mumbai,19.000670867795886,74.68665625531257,18.939356153955853,74.18256568988427,26.4,Cloudy,3255.0
243,2026-01-07 05:14:00,Van A,19,Mumbai,19.0349083070899,74.47782047560057,18.671788758199224,73.76113290680362,24.3,Cloudy,2125.0
244,2026-01-07 05:51:00,Van B,8,Nashik,18.569563688864434,74.63810845708873,18.45699558189327,74.80796322830946,32.3,,1252.0
245,2026-01-07 06:28:00,Van B,24,Mumbai,19.139026652874545,74.21380383621066,18.78024449430688,74.76039953788698,33.9,Cloudy,3772.0
246,2026-01-07 07:05:00,Van A,11,Mumbai,18.750391682336296,74.46552409309598,19.003016543715162,74.32656973665081,33.3,Rain,1631.0
247,2026-01-07 07:42:00,Van C,16,Mumbai,18.91121091941133,74.72747480455594,18.62809792033215,74.36270374441281,24.2,Rain,2603.0
248,2026-01-07 08:19:00,Van B,10,Nashik,18.401847018069393,74.45727853144626,18.668037502004108,73.95408932333136,14.3,Cloudy,1644.0
249,2026-01-07 08:56:00,Van C,10,Nashik,19.194694798728943,74.1172083618031,19.076559520517577,74.68334090665357,19.2,Rain,1874.0
250,2026-01-07 09:33:00,Van A,5,Mumbai,18.62471710877132,74.49503551323944,18.81605752980919,74.29832004607056,35.1,Rain,1185.0
251,2026-01-07 10:10:00,Van A,28,Pune,18.449650485232123,74.50622502633689,19.074185575045178,73.74065335417107,,Cloudy,3728.0
252,2026-01-07 10:47:00,Van B,5,Nashik,18.76660963322921,74.85270435500796,18.757111593714967,74.51961794773881,24.2,Cloudy,1416.0
253,2026-01-07 11:24:00,Van A,3,Pune,18.503224045745633,74.14509478585,19.16238012924808,74.84059552376326,36.2,Clear,1051.0
254,2026-01-07 12:01:00,Van A,28,Mumbai,18.52186136812606,74.21009812101696,18.92063567177419,74.69498058841491,34.3,Clear,3245.0
255,2026-01-07 12:38:00,Van B,17,Ahilyanagar,18.905826250424166,74.67454755342447,18.4927190922554,74.03263776825266,28.1,Rain,2595.0
256,2026-01-07 13:15:00,Van A,13,Pune,18.714341913256185,74.30691477769129,19.10807439058144,73.76399010192002,26.5,Clear,-100.0
257,2026-01-07 13:52:00,Van C,22,Pune,19.137481960123996,74.58388771173888,18.791412152664638,74.82842169504582,27.3,Cloudy,3118.0
258,2026-01-07 14:29:00,Van A,12,Ahilyanagar,18.655325195686455,74.25165135734431,18.513311174378323,74.82447526985565,29.1,Rain,2828.0
259,2026-01-07 15:06:00,Van A,4,Ahilyanagar,18.98094410270712,73.95859417017525,18.522152107073136,74.33889838365545,36.0,Clear,1685.0
260,2026-01-07 15:43:00,Van B,22,Mumbai,18.768879544123926,74.59424461133722,18.950027148087898,74.47078089400584,30.1,Rain,3206.0
261,2026-01-07 16:20:00,Van C,6,Nashik,18.927961040903423,73.85738620302166,18.43789800538359,74.25512007285297,31.6,Cloudy,1444.0
262,2026-01-07 16:57:00,Van A,17,Mumbai,18.879756285372792,73.93830039623758,18.62927501193105,74.20371844051851,33.8,Clear,1933.0
263,2026-01-07 17:34:00,Van A,28,Nashik,18.778227178207196,74.45218997934106,18.511830072375894,73.84333812311445,22.2,Clear,3163.0
264,2026-01-07 18:11:00,Van C,28,Mumbai,19.160048875699548,74.59672376023049,18.752861943693826,73.81610347803331,31.8,Rain,3945.0
265,2026-01-07 18:48:00,Van C,11,Pune,18.674170914203962,74.77362546424138,18.731483017595487,73.97927857601142,26.5,Rain,1708.0
266,2026-01-07 19:25:00,Van B,23,Pune,18.541788400999415,74.02710379689907,18.817501147751084,74.70396889568786,15.4,Rain,2875.0
267,2026-01-07 20:02:00,Van B,18,Pune,18.94247524870386,73.83286911032067,18.62370906328202,73.87499876088282,17.4,Rain,2560.0
268,2026-01-07 20:39:00,Van B,14,Nashik,19.076806049046326,74.84725599142716,18.42563487150254,73.97203838229765,22.9,Clear,1911.0
269,2026-01-07 21:16:00,Van B,5,Mumbai,18.432202991951936,73.88530770562657,18.89150888522815,74.35833687118665,30.7,Rain,1007.0
270,2026-01-07 21:53:00,Van B,11,Pune,18.759706150738143,73.93720037870557,18.69897440230588,73.95815746169393,28.6,Clear,1930.0
271,2026-01-07 22:30:00,Van A,19,Nashik,19.11399015174986,74.04959534427016,18.921067998992037,73.89584802166135,28.9,Clear,2438.0
272,2026-01-07 23:07:00,Van A,29,Pune,18.999694895138294,74.33526962483155,18.486933576643413,74.37597949003757,,,3433.0
273,2026-01-07 23:44:00,Van A,1,Mumbai,19.1934461731981,74.7593906792409,18.41102188423524,74.14171192519595,21.7,Cloudy,761.0
274,2026-01-08 00:21:00,Van C,21,Ahilyanagar,18.825131049277793,74.61265522727585,18.598635398308232,74.45139114300856,27.9,Cloudy,3052.0
275,2026-01-08 00:58:00,Van B,25,Mumbai,18.927996575040922,74.54978906461116,18.765237858395242,74.79464640849042,29.5,Rain,3205.0
276,2026-01-08 01:35:00,Van B,28,Ahilyanagar,18.641984224910342,73.9102166814272,18.71525757933477,73.88119175772208,24.3,Clear,3506.0
277,2026-01-08 02:12:00,Van B,13,Ahilyanagar,19.158028479732792,74.12921915783117,19.04824204421877,74.79612039177569,28.1,Cloudy,2314.0
278,2026-01-08 02:49:00,Van C,4,Mumbai,18.693068390845227,74.27408591130401,18.702270115354256,74.7829879609075,20.0,Rain,1237.0
279,2026-01-08 03:26:00,Van A,8,Pune,18.9908085701493,73.8769111441827,18.824352943682463,74.69490510000308,35.0,Cloudy,1577.0
280,2026-01-08 04:03:00,Van A,-2,Mumbai,18.722512163295264,74.02811564255201,18.874812473953753,74.45754310076731,24.6,Cloudy,3416.0
281,2026-01-08 04:40:00,Van A,26,Ahilyanagar,18.8494551440504,74.06999984474342,18.41746511331665,74.44417598895866,38.2,Cloudy,3570.0
282,2026-01-08 05:17:00,Van B,19,Ahilyanagar,18.975826028017234,73.85273143799485,18.81210670147695,74.4670551919238,27.8,Rain,2661.0
283,2026-01-08 05:54:00,Van C,4,Nashik,18.807147321401082,74.36028763028992,18.675865007519068,74.52859466146138,33.1,Clear,1304.0
284,2026-01-08 06:31:00,Van B,4,Mumbai,19.125669061527606,74.54603383582904,18.737024102146602,73.71977864071539,27.7,Rain,1045.0
285,2026-01-08 07:08:00,Van B,14,Nashik,18.735440790342246,73.78391795777223,18.480229918796198,74.84971109499278,27.8,Rain,1972.0
286,2026-01-08 07:45:00,Van C,18, pune ,18.91765743851466,74.27734772211578,19.026256452518915,74.4027245137587,25.1,Rain,2841.0
287,2026-01-08 08:22:00,Van A,1,Mumbai,18.673889946640042,74.63865343432136,19.153923400646818,74.63775900728291,28.6,Cloudy,1128.0
288,2026-01-08 08:59:00,Van B,20,Pune,18.72652533458481,74.59758815474294,18.417815056503677,74.15273820687364,29.6,Cloudy,2937.0
289,2026-01-08 09:36:00,Van B,16,Pune,18.75204008658684,74.67808771546251,18.88109821024908,73.71487665669896,24.1,Cloudy,2504.0
290,2026-01-08 10:13:00,Van B,1,Ahilyanagar,18.500645614649827,74.23788875980473,19.011075253830686,74.31168159185174,27.4,Clear,1009.0
291,2026-01-08 10:50:00,Van C,3,Pune,18.473378943247205,74.68466849916784,18.62784607091991,74.30862814317912,24.9,Rain,
292,2026-01-08 11:27:00,Van A,14,Mumbai,18.933991938517405,73.98890368545713,19.030044467890573,74.22438714597375,39.5,Cloudy,2511.0
293,2026-01-08 12:04:00,Van C,21,NASHIK,18.92441419067444,74.13297267370102,18.90588404061304,74.1076604649945,,Rain,3168.0
294,2026-01-08 12:41:00,Van A,24,Pune,18.930327771368074,73.91162669170137,19.143330105816855,73.99979130537167,35.7,Clear,3150.0
295,2026-01-08 13:18:00,Van B,13,Mumbai,18.41581315627415,74.2609814473143,19.184803849083018,74.33305384939662,27.0,Rain,2551.0
296,2026-01-08 13:55:00,Van B,9,Ahilyanagar,18.661237474137423,74.17047202689854,18.433876891198963,74.15033376763219,29.3,Cloudy,1824.0
297,2026-01-08 14:32:00,Van C,29,Nashik,18.558247877807357,73.98911253969717,18.755950208821602,74.86391825965977,21.4,Rain,3845.0
298,2026-01-08 15:09:00,Van B,14,Ahilyanagar,19.02252113803521,74.60213685107695,18.837590230062574,73.90751276932032,25.8,Clear,2315.0
299,2026-01-08 15:46:00,Van A,10,Ahilyanagar,19.088504321116904,74.07661612653398,18.51739458656612,74.08359868115251,29.1,Cloudy,1924.0
300,2026-01-08 16:23:00,Van A,13,Pune,18.597344301780918,74.02736519617501,18.669028664341887,74.05275256510949,35.9,Cloudy,1914.0
301,2026-01-08 17:00:00,Van B,1,Mumbai,18.93427932707839,73.8570683970206,19.190117958205168,74.35197101148316,29.1,Cloudy,1205.0
302,2026-01-08 17:37:00,Van C,9,Nashik,18.503490242766617,74.22658604216234,18.412984365073974,74.29913630836899,34.9,Clear,2609.0
303,2026-01-08 18:14:00,Van A,15,Ahilyanagar,18.620122020481368,74.06355755460477,18.762006345219508,74.47248855850913,31.2,Cloudy,2213.0
304,2026-01-08 18:51:00,Van C,27,Mumbai,18.510923596986736,74.14312740960916,19.074123697374556,74.84000212468905,36.1,Clear,3486.0
305,2026-01-08 19:28:00,Van B,22,Ahilyanagar,18.62681661327938,73.98319671514467,18.65912101017543,74.04226530259264,27.7,Cloudy,2856.0
306,2026-01-08 20:05:00,Van A,23,Ahilyanagar,18.93978923787942,74.61578658778389,18.783838802204123,74.531325883106,40.0,Clear,2939.0
307,2026-01-08 20:42:00,Van A,16,Nashik,19.1282615281482,74.81600401682567,19.18243659663038,73.73004824360622,25.6,Cloudy,2883.0
308,2026-01-08 21:19:00,Van B,4,Pune,18.562017926339347,74.29751822334667,18.77990146918056,74.01486616728036,24.2,Cloudy,1078.0
309,2026-01-08 21:56:00,Van A,12,Nashik,18.833663227960574,74.471598108009,18.5047370497172,74.25646367359592,21.9,Clear,1898.0
310,2026-01-08 22:33:00,Van A,29,Mumbai,18.961112880994744,74.74060673192805,18.44137719333311,73.73719374617737,39.7,Rain,3179.0
311,2026-01-08 23:10:00,Van B,2,Ahilyanagar,19.162337974788453,74.8985955648004,19.156333257951957,74.44120335266437,32.1,Rain,863.0
312,2026-01-08 23:47:00,Van C,26,Nashik,18.888048386309737,74.4362197816758,18.612647530620052,74.51397273008206,26.3,Clear,2857.0
313,2026-01-09 00:24:00,Van A,20,Mumbai,18.604085544821903,74.76773535984785,18.80325112525164,74.59607805780566,34.2,Clear,2990.0
314,2026-01-09 01:01:00,Van A,9,MUMBAI,18.90038252553115,74.79032989586678,18.472561412871972,74.31988940581162,31.4,Rain,2595.0
315,2026-01-09 01:38:00,Van A,23,Mumbai,18.656392929342413,74.64974178536916,18.73892409644048,74.42473359797435,,Clear,2975.0
316,2026-01-09 02:15:00,Van B,25,Nashik,19.180902712553365,74.25311766928773,19.144084415400098,74.17527830153419,20.3,Rain,2775.0
317,2026-01-09 02:52:00,Van C,2,Ahilyanagar,18.71974090813091,73.79738480050868,18.80193039490475,73.74950363900788,,Cloudy,1360.0
318,2026-01-09 03:29:00,Van C,4,Ahilyanagar,18.94834217660881,73.71896666652816,19.176908121441862,73.81994222692941,25.7,Cloudy,1062.0
319,2026-01-09 04:06:00,Van C,20,Nashik,18.418582065877406,74.27264075993952,18.60706850978992,74.48599510904177,18.1,Clear,3190.0
320,2026-01-09 04:43:00,Van C,29,Nashik,18.720049156907802,74.29317744024155,18.80363619176315,74.89466635950293,33.3,Cloudy,3570.0
321,2026-01-09 05:20:00,Van A,1,Pune,19.10008609065801,74.18883486543557,19.087624633447458,73.71896388699597,26.6,Clear,805.0
322,2026-01-09 05:57:00,Van A,20,NASHIK,18.888181955546596,74.38180082154965,18.758601883642992,74.36910019619167,,Cloudy,2747.0
323,2026-01-09 06:34:00,Van B,4,Ahilyanagar,18.75515430911678,74.36259524396532,18.62358989885615,74.60121050345907,39.8,Cloudy,1507.0
324,2026-01-09 07:11:00,Van C,19,Mumbai,19.14874999954858,74.70393564923924,19.084380290734305,74.69212979361666,26.2,Clear,2637.0
325,2026-01-09 07:48:00,Van C,19,Mumbai,19.08318750091778,73.83038852391472,18.711911575098085,74.35424588146718,25.9,Cloudy,2556.0
326,2026-01-09 08:25:00,Van A,3,Pune,18.65777253905835,73.97021319932666,18.824578632848187,74.44389917622092,28.6,Cloudy,1125.0
327,2026-01-09 09:02:00,Van A,20,Ahilyanagar,18.83563872163307,74.65160597475156,19.181221653132116,74.53606993432948,32.9,,2418.0
328,2026-01-09 09:39:00,Van A,27,Pune,18.791859404873968,74.71740424066839,18.54918663580469,74.73075949963213,25.2,Clear,3584.0
329,2026-01-09 10:16:00,Van A,26,Ahilyanagar,18.90576200009189,74.89378905634504,18.641120509376147,73.84674744464338,24.8,Rain,2834.0
330,2026-01-09 10:53:00,Van B,1, pune ,18.667289013567004,74.7474944196645,18.42485568005587,74.81141863552985,33.3,Rain,862.0
331,2026-01-09 11:30:00,Van B,8,Nashik,18.595364000612708,74.7678788084868,18.71347016792804,73.73122088426189,29.9,,1888.0
332,2026-01-09 12:07:00,Van B,7,Ahilyanagar,19.130137468204428,74.0772175311559,18.560146744467886,74.70343970114934,17.8,Rain,1656.0
333,2026-01-09 12:44:00,Van A,14,Nashik,19.139099599598804,74.18199396081125,18.944027948326312,73.79208851187164,21.9,Cloudy,2407.0
334,2026-01-09 13:21:00,Van C,5,Mumbai,19.074658308609582,74.02170212578467,18.54505716701268,73.93355385392591,35.5,Rain,1355.0
335,2026-01-09 13:58:00,Van B,25,Ahilyanagar,19.18256354461165,74.42755927783126,18.939850201924695,73.70467297565736,30.0,Rain,3626.0
336,2026-01-09 14:35:00,Van C,23,Mumbai,18.99599322062375,74.82656642504845,18.610780342551454,74.23430804664325,24.2,Cloudy,60000.0
337,2026-01-09 15:12:00,Van C,24,Ahilyanagar,19.0117337828496,74.11356906381394,18.68417426729696,74.10123107206087,27.1,Clear,3314.0
338,2026-01-09 15:49:00,Van A,6,Nashik,19.01007207357011,74.36840213825775,18.679088521637116,73.89919149378444,,Cloudy,1748.0
339,2026-01-09 16:26:00,Van A,1,Mumbai,18.784486104753846,74.05555955654418,18.973401400130886,74.2413081929647,31.7,Rain,1220.0
340,2026-01-09 17:03:00,Van C,27,Nashik,18.765161755611416,73.90375996852725,18.773207410510672,74.18284505980662,21.2,Rain,3333.0
341,2026-01-09 17:40:00,Van B,9,Ahilyanagar,18.592181020919202,73.93422263578239,18.689039119082146,74.6211932392385,23.8,Cloudy,1352.0
342,2026-01-09 18:17:00,Van A,20,Pune,18.91585535548743,73.76953441344575,19.082098175231557,74.77175636728404,29.4,Clear,-100.0
343,2026-01-09 18:54:00,Van B,27,Pune,18.631456108881867,74.83915222761111,18.85756050051296,74.4830807021205,27.5,Rain,3629.0
344,2026-01-09 19:31:00,Van B,2,Ahilyanagar,18.60624672776188,74.18345553020916,18.571064657022397,73.84929246647184,30.9,Clear,1417.0
345,2026-01-09 20:08:00,Van C,1,Pune,18.868769099276843,74.70094507040254,19.120073022514944,74.05446895365182,21.9,Clear,714.0
346,2026-01-09 20:45:00,Van A,1,Mumbai,18.727985910580035,74.51759536722763,18.674120236826912,74.79598195619874,29.8,Cloudy,723.0
347,2026-01-09 21:22:00,Van C,5,Mumbai,18.575085287035705,73.9303053936933,18.431183502029857,73.80648139160947,33.5,Rain,1513.0
348,2026-01-09 21:59:00,Van C,2,Ahilyanagar,19.052844813402263,73.9105546958949,18.795680179179563,74.18822700726899,30.4,Clear,1069.0
349,2026-01-09 22:36:00,Van A,24,Ahilyanagar,19.0884559354355,74.67438584181266,18.4991504435527,74.83100554308018,28.7,Cloudy,2614.0
350,2026-01-09 23:13:00,Van A,18,Ahilyanagar,18.534159615742222,74.01765405274345,18.59077315497259,74.84079780976339,27.5,Clear,2723.0
351,2026-01-09 23:50:00,Van B,29,Pune,18.40600562624,74.79594222044237,18.99768869814993,74.19344381245868,,Cloudy,3099.0
352,2026-01-10 00:27:00,Van A,24,Nashik,18.668903974823497,73.8680664856274,18.504601450701053,74.50087626571856,27.6,,2896.0
353,2026-01-10 01:04:00,Van A,28,Nashik,19.038008668544602,74.51325033734537,19.04555537948323,74.2480947180248,34.3,Cloudy,3966.0
354,2026-01-10 01:41:00,Van B,7,Mumbai,19.071339092987458,74.67736865123713,19.14952583050476,74.60415264732362,27.4,Cloudy,2112.0
355,2026-01-10 02:18:00,Van C,9,Pune,18.510663256092837,73.98230766609878,18.885225680326354,73.7378975968316,23.6,Clear,1390.0
356,2026-01-10 02:55:00,Van C,25,Nashik,19.01946872094644,74.03144883614789,18.968287353618262,73.87298857870563,25.5,Clear,3176.0
357,2026-01-10 03:32:00,Van A,8,Nashik,18.492563333847542,74.85742266336705,18.970869287925932,74.43703856425232,29.0,Rain,60000.0
358,2026-01-10 04:09:00,Van C,2,Pune,18.712050072125223,74.0175171264154,19.194246365816355,73.97906271493169,26.1,Clear,1624.0
359,2026-01-10 04:46:00,Van A,20,Pune,19.198887612009532,74.21594845988007,18.673230609761298,74.49926275912298,30.4,Clear,2652.0
360,2026-01-10 05:23:00,Van C,24,Nashik,18.554072658584726,74.21901871189084,18.53028524099416,74.12146751295356,30.6,Clear,3037.0
361,2026-01-10 06:00:00,Van C,29,Pune,18.5231708660621,74.00364169991562,18.815333787931458,74.7639746697534,32.4,Rain,4120.0
362,2026-01-10 06:37:00,Van C,27,Pune,18.738240266037433,74.63094930372452,18.826599847865367,74.68311126267199,35.1,Cloudy,3353.0
363,2026-01-10 07:14:00,Van A,4,Nashik,18.89573482077589,74.626219211875,18.542329990636915,74.29140536008255,33.0,Clear,1497.0
364,2026-01-10 07:51:00,Van C,23,Pune,19.146320625930603,74.15398161706855,18.890487535195312,74.62747410451384,23.3,Rain,2642.0
365,2026-01-10 08:28:00,Van A,25,Ahilyanagar,19.184656916426427,74.70215094929688,18.41129978678146,74.02536546348212,23.5,Clear,3224.0
366,2026-01-10 09:05:00,Van B,21,Pune,18.455712509273113,73.9556899212788,19.142134721963377,74.29311173217424,27.6,Cloudy,2397.0
367,2026-01-10 09:42:00,Van B,24,Nashik,18.510398013878323,73.70516693080121,18.61165942225701,73.93697846223594,25.7,Clear,2863.0
368,2026-01-10 10:19:00,Van A,25,Nashik,19.032590379116794,74.38540083446689,18.43164816671215,74.7330634022252,22.3,Rain,3527.0
369,2026-01-10 10:56:00,Van A,13,Mumbai,18.616505721816687,74.89289332694285,18.486599553179886,74.6876811398821,25.8,Rain,2120.0
370,2026-01-10 11:33:00,Van C,2, pune ,19.107879247605087,73.74637317179227,18.59219915862371,74.7825796020908,25.6,Rain,994.0
371,2026-01-10 12:10:00,Van B,14,MUMBAI,18.93076260578327,73.94959768845015,18.619124934884834,74.75297237746912,24.6,Clear,2005.0
372,2026-01-10 12:47:00,Van B,6,Nashik,18.48947584190454,74.3226975709845,18.426247999598182,74.8515155144714,26.4,Clear,
373,2026-01-10 13:24:00,Van B,4,Nashik,19.066023427939204,74.67192888373386,18.623483849754983,73.97400347795832,33.9,Rain,1370.0
374,2026-01-10 14:01:00,Van B,4,Nashik,18.54108510400646,73.80685040609006,18.554353389194784,74.81818914895439,29.0,Rain,1575.0
375,2026-01-10 14:38:00,Van C,21,Mumbai,18.738796315743723,74.17428158451068,18.702896741947615,74.3854558296224,40.4,Clear,2107.0
376,2026-01-10 15:15:00,Van A,15,Mumbai,18.841747942847462,74.59649096075587,18.708134189884774,74.20699410070179,28.9,Rain,2075.0
377,2026-01-10 15:52:00,Van C,16,Mumbai,18.80061291926422,74.14585185008764,18.671206192482302,74.37244867516145,26.5,Rain,2468.0
378,2026-01-10 16:29:00,Van C,22,Mumbai,18.948930332492118,73.92660370457077,18.66233910682456,74.11112282798034,28.0,Cloudy,2960.0
379,2026-01-10 17:06:00,Van B,16,Ahilyanagar,18.922149387895402,73.9345949928759,18.471785022193,74.04626360835314,29.3,Cloudy,2541.0
380,2026-01-10 17:43:00,Van A,19, pune ,19.193633604422445,74.19205854429799,18.42016395770093,73.98957720557304,30.2,Clear,2785.0
381,2026-01-10 18:20:00,Van A,3,Mumbai,19.19953752737935,74.27530048976708,18.561691440125173,73.79891358734855,38.4,Clear,1094.0
382,2026-01-10 18:57:00,Van C,25,Nashik,18.81316752210851,74.73417730137922,19.005319541933293,74.29587787657663,,Clear,3117.0
383,2026-01-10 19:34:00,Van C,14,Nashik,18.47615926956869,74.4707029022816,19.192647812440896,74.76531401085667,32.3,Clear,2156.0
384,2026-01-10 20:11:00,Van A,5,Mumbai,18.982274639174975,74.52848234541861,19.142820940045862,74.45618236312927,29.0,Rain,1720.0
385,2026-01-10 20:48:00,Van A,24,Nashik,19.18133126257327,74.87958460584309,18.803375484430212,74.32517075930693,20.1,Cloudy,2960.0
386,2026-01-10 21:25:00,Van A,22,Pune,18.654661110103216,74.19421212836117,18.825459084622345,74.21431150190111,31.9,Rain,2971.0
387,2026-01-10 22:02:00,Van A,2,Ahilyanagar,18.768967108670058,74.18402528389896,18.65166525522867,74.25728195158064,34.3,Clear,1145.0
388,2026-01-10 22:39:00,Van C,6,Nashik,18.739821539852365,74.80801636127099,19.019151550910124,73.95113281708635,23.7,Rain,1938.0
389,2026-01-10 23:16:00,Van C,1,Mumbai,18.441135323645543,73.99505070440607,19.01180535034612,74.68752305263172,28.0,Clear,905.0
390,2026-01-10 23:53:00,Van A,8,Mumbai,18.937811544978754,74.57577829556344,19.075417886065956,73.93805955593784,19.4,Rain,1948.0
391,2026-01-11 00:30:00,Van C,3,Nashik,18.682670156054773,74.60548776586177,19.116403661757506,74.55994730807278,21.7,Clear,1555.0
392,2026-01-11 01:07:00,Van A,21,Ahilyanagar,19.0299710997052,73.81734559693453,18.747479398580236,74.61198201379538,33.2,Clear,2876.0
393,2026-01-11 01:44:00,Van B,16,Mumbai,19.065696060225587,74.2618776868323,19.013500454485758,74.38984285043328,25.7,Clear,2357.0
394,2026-01-11 02:21:00,Van B,29,Ahilyanagar,19.056984629278276,73.94067496558587,19.0451189830367,74.7355116499458,22.5,Rain,3556.0
395,2026-01-11 02:58:00,Van C,22,Pune,18.733332798431903,73.92245032736298,18.6467676979982,74.04926042294079,29.1,Clear,
396,2026-01-11 03:35:00,Van C,18,Ahilyanagar,18.657236545792717,74.25659373255546,19.14339379520492,74.75794066549145,25.4,Cloudy,2866.0
397,2026-01-11 04:12:00,Van A,15,Ahilyanagar,18.999056623733644,74.04731564900968,18.475473202111722,74.57529255151917,25.6,Cloudy,2394.0
398,2026-01-11 04:49:00,Van A,2,Ahilyanagar,19.041111547074177,74.65527253715105,19.195415343330627,74.65849979331412,31.7,Rain,1161.0
399,2026-01-11 05:26:00,Van A,3,Pune,18.793005957113092,74.78912586966858,19.016072574527094,74.49749565143279,22.2,Cloudy,847.0
400,2026-01-11 06:03:00,Van A,18,Nashik,19.114424815629043,74.66326472634604,18.47461672425946,74.71561162038797,23.5,Clear,2320.0
401,2026-01-11 06:40:00,Van C,1,MUMBAI,18.515126956862844,74.019237047146,18.924983718484,74.89171863526117,28.8,Cloudy,1638.0
402,2026-01-11 07:17:00,Van C,2,Pune,19.10325502372717,74.02896127242633,18.427343528742608,74.20419542542957,32.8,Clear,1037.0
403,2026-01-11 07:54:00,Van A,7,Nashik,18.476876186377503,74.00567402014096,19.016149559555345,74.67669882045149,34.2,Rain,1333.0
404,2026-01-11 08:31:00,Van C,26,Nashik,18.52282041764369,73.86204571526748,19.039378337327243,74.59349571142164,24.7,Rain,3799.0
405,2026-01-11 09:08:00,Van B,14,Pune,18.82707201061917,74.83255804172445,18.88192820247316,74.24344419885442,,Clear,2315.0
406,2026-01-11 09:45:00,Van B,21,Pune,18.45401478414993,74.1824573577885,19.085488313533254,74.81233879967903,24.1,Rain,3068.0
407,2026-01-11 10:22:00,Van B,12,Nashik,18.442245681120088,73.96962736945505,18.478306624171886,74.17331111548712,37.1,Clear,1999.0
408,2026-01-11 10:59:00,Van A,6,Mumbai,18.400414995332564,74.7160052606099,18.62073907363265,74.37855909953149,22.3,Cloudy,1374.0
409,2026-01-11 11:36:00,Van C,11,Pune,18.74905332775541,74.17903436318936,18.731342017274134,73.82713082838916,34.6,Cloudy,1894.0
410,2026-01-11 12:13:00,Van A,3,Nashik,19.019699105033784,73.7421401733316,18.433966362262478,73.97093023287952,24.7,Clear,770.0
411,2026-01-11 12:50:00,Van A,23,Pune,18.427870680223933,73.89432988429957,18.75857287005693,74.70883540464052,38.1,Cloudy,3059.0
412,2026-01-11 13:27:00,Van A,6,Ahilyanagar,18.921806085172683,74.46710040842741,18.612170764890053,74.17586326739462,31.0,Clear,1559.0
413,2026-01-11 14:04:00,Van A,11,Nashik,19.05850185393295,74.63948632900608,18.7141880096814,74.17290090729831,22.9,Rain,2500.0
414,2026-01-11 14:41:00,Van A,29,Mumbai,18.534400678862294,73.95312126618646,18.740082105593846,73.99517722182875,25.4,Rain,3681.0
415,2026-01-11 15:18:00,Van A,18,Ahilyanagar,18.517490987857123,74.80087470711938,19.103529386790147,74.28993240115695,31.9,,1910.0
416,2026-01-11 15:55:00,Van C,14,Mumbai,19.088640778896426,74.72119654406261,18.61627277642211,74.66698035362076,33.3,Cloudy,2202.0
417,2026-01-11 16:32:00,Van C,16, pune ,19.058499687960076,74.71805690487331,19.114994502973015,74.7741969413285,27.6,Cloudy,3242.0
418,2026-01-11 17:09:00,Van A,23,Nashik,18.83115341301135,73.97319337615906,18.74077677185028,73.78413731845302,28.2,Cloudy,3345.0
419,2026-01-11 17:46:00,Van A,8,Mumbai,19.055359903435182,73.76064318638008,18.662246176555186,74.38978487748814,31.8,Rain,1417.0
420,2026-01-11 18:23:00,Van B,19,Nashik,18.474204861939594,74.74090824737911,18.802009639468118,74.2607280414708,28.7,Cloudy,2882.0
421,2026-01-11 19:00:00,Van C,26,Mumbai,18.715585214351,74.06696027448629,18.734194629090272,74.4371382205659,21.5,Cloudy,3147.0
422,2026-01-11 19:37:00,Van C,17,Mumbai,18.990238044885096,74.44269965740824,18.605897850444116,74.23673082428992,23.9,Cloudy,2109.0
423,2026-01-11 20:14:00,Van C,13,Ahilyanagar,18.60596156745917,74.61196026044088,18.802143459836852,74.1783737850241,29.2,Cloudy,2030.0
424,2026-01-11 20:51:00,Van B,5,Ahilyanagar,19.00186313154684,73.85395191021335,18.521441386463064,74.2662568549154,34.1,Cloudy,1402.0
425,2026-01-11 21:28:00,Van B,8,Nashik,18.80334288351265,74.63700602542286,18.681543954418373,74.3983989545077,36.1,Rain,1098.0
426,2026-01-11 22:05:00,Van A,28,Mumbai,19.000212790358585,74.82621375075328,18.85263217549927,74.30117985323814,31.9,Cloudy,3215.0
427,2026-01-11 22:42:00,Van C,16,Ahilyanagar,18.77174371028586,74.5740499588957,18.730726595511886,74.26657334122478,29.4,Rain,2423.0
428,2026-01-11 23:19:00,Van C,9,Mumbai,18.69432347217745,74.22946729817667,19.059129888840637,74.6814023719497,31.7,Rain,1633.0
429,2026-01-11 23:56:00,Van A,13,Nashik,18.575351373182905,74.75201376650205,18.605377409228133,74.59477758948543,24.7,Cloudy,2253.0
430,2026-01-12 00:33:00,Van C,17,Mumbai,18.56670347314801,74.33294915608708,19.175817263064808,74.10965419301743,27.2,Rain,2151.0
431,2026-01-12 01:10:00,Van A,16,Nashik,19.001192648457117,74.59372511338012,19.02777761668108,74.66069254101839,,Clear,2634.0
432,2026-01-12 01:47:00,Van C,21,Pune,18.495128278427167,74.68460713263033,19.17407442079798,74.7243808028054,21.8,Rain,2540.0
433,2026-01-12 02:24:00,Van C,8,Pune,18.468785880088756,74.5992234340388,19.070509243864244,73.88419064644903,29.7,Clear,2153.0
434,2026-01-12 03:01:00,Van A,19,Ahilyanagar,18.541033092017702,74.04542585125779,18.513683140681312,74.39921895407691,28.9,Cloudy,2190.0
435,2026-01-12 03:38:00,Van B,13,Nashik,18.540277209163136,73.84141268108701,18.82116807250801,74.04237439231906,31.4,Clear,1807.0
436,2026-01-12 04:15:00,Van A,28,Pune,19.05848609824552,73.98600623523447,18.535982816956626,74.58700678631207,30.7,Cloudy,3685.0
437,2026-01-12 04:52:00,Van B,5,Nashik,18.71880529877937,74.30344992437642,19.054581882101804,73.98654239523043,29.2,Cloudy,1874.0
438,2026-01-12 05:29:00,Van C,5,Ahilyanagar,19.192310765888386,74.30633230675171,18.867329719346635,74.50568422900764,30.8,Rain,1470.0
439,2026-01-12 06:06:00,Van A,14,Nashik,18.50976900623249,74.39917321917746,18.610759451485524,74.00614958726916,27.8,Clear,2399.0
440,2026-01-12 06:43:00,Van B,15,Mumbai,18.922831860554915,74.17412220505747,19.143679177605737,74.31337251611593,30.1,Rain,2330.0
441,2026-01-12 07:20:00,Van C,21,Mumbai,18.758983605761,74.64426965774004,18.492148842651407,74.83837576149944,24.4,Rain,2587.0
442,2026-01-12 07:57:00,Van A,12,Ahilyanagar,18.71433454135766,74.79578450041666,18.85108992277705,74.15756904614773,29.8,Cloudy,1893.0
443,2026-01-12 08:34:00,Van A,27,Mumbai,19.100067359243265,73.99607006417537,18.97683244373338,74.75088618315586,,Cloudy,3101.0
444,2026-01-12 09:11:00,Van B,14,Nashik,19.18047651666272,74.58382786124227,18.447078829865944,74.88433349744469,24.7,Rain,1846.0
445,2026-01-12 09:48:00,Van B,4,Pune,19.098287167019343,74.51356622305406,18.87828482656496,74.7498210185662,28.3,Clear,1401.0
446,2026-01-12 10:25:00,Van B,4,Pune,18.553840543228105,74.32770859913518,19.052720972370473,73.89903923566801,24.9,Rain,943.0
447,2026-01-12 11:02:00,Van A,29,Mumbai,18.576638336967147,73.926236280649,18.454021851534442,74.6835898634422,25.4,Clear,3751.0
448,2026-01-12 11:39:00,Van C,4,Mumbai,18.92485910327605,74.65427871029925,18.8097943768853,73.73857927412068,22.4,Rain,889.0
449,2026-01-12 12:16:00,Van B,28,Ahilyanagar,18.63126686531055,74.8527515427546,18.606845742518992,74.17196226043917,34.3,Clear,3649.0
450,2026-01-12 12:53:00,Van A,9,Pune,18.987780104624463,74.56620359868035,18.930339561229534,74.74488004798144,33.3,Rain,1608.0
451,2026-01-12 13:30:00,Van C,3,Nashik,18.853136520647716,74.80143199595089,18.494941893663075,74.5265026553119,30.7,Rain,60000.0
452,2026-01-12 14:07:00,Van C,9,Pune,18.84072701479232,74.8810223179376,19.149641144536403,74.33928851280545,37.9,Clear,-100.0
453,2026-01-12 14:44:00,Van B,18,Pune,19.062837539871026,74.12246080908709,19.115782865371784,74.16543683009915,27.1,Cloudy,2981.0
454,2026-01-12 15:21:00,Van A,13,Pune,18.968426217394143,74.46586826351161,18.548779535900564,74.67475633576434,43.2,Cloudy,1908.0
455,2026-01-12 15:58:00,Van B,23,Ahilyanagar,18.42126221199783,74.2687192851657,18.658612707492082,74.55147008473787,26.9,Clear,3102.0
456,2026-01-12 16:35:00,Van B,18,Pune,18.43956730971681,74.88395449623589,18.870107979722434,74.26208638353881,,Cloudy,2316.0
457,2026-01-12 17:12:00,Van A,12,Mumbai,18.88124676196481,73.81256938880928,18.9744498693074,74.77098120465159,26.0,Rain,1916.0
458,2026-01-12 17:49:00,Van B,19,Nashik,18.788953660497818,74.19484989715667,18.754124812128204,73.97593762138236,29.9,Clear,2626.0
459,2026-01-12 18:26:00,Van C,29,Nashik,18.608147724274392,74.75064685343268,18.52503305756878,73.90446981099035,32.2,Rain,3437.0
460,2026-01-12 19:03:00,Van A,12,Ahilyanagar,18.73492486985184,74.04086157263183,18.483321195042297,74.4713645172003,27.4,Rain,1675.0
461,2026-01-12 19:40:00,Van C,5,Mumbai,19.006328254986286,74.64535142076666,19.199812269531474,74.86639321124213,36.9,Cloudy,951.0
462,2026-01-12 20:17:00,Van A,12,Nashik,19.06128918772634,74.15933979533631,18.76428169715479,73.99670788796813,29.2,Cloudy,1338.0
463,2026-01-12 20:54:00,Van C,25,Pune,18.848978454312036,74.8759742478682,19.098025399318797,73.9996044547206,29.4,Cloudy,2958.0
464,2026-01-12 21:31:00,Van B,7,Pune,18.708295584685683,74.76023580370845,18.785900803703292,73.86739861755463,23.5,Clear,1753.0
465,2026-01-12 22:08:00,Van A,28,Mumbai,18.616557409196083,74.06158442919514,19.137886110836803,74.73267626632837,30.1,Cloudy,3080.0
466,2026-01-12 22:45:00,Van C,18,Pune,18.817534776615403,74.62423173624543,18.47020750621724,73.9716770484936,27.3,Rain,2200.0
467,2026-01-12 23:22:00,Van A,18,AHILYANAGAR,18.651799694851505,74.10422785259992,18.491215353067638,74.30381423206987,25.0,Clear,3147.0
468,2026-01-12 23:59:00,Van B,10,Nashik,18.851276109637777,74.42763540825865,19.14370575017938,74.88904697360265,24.1,,1659.0
469,2026-01-13 00:36:00,Van A,27,Mumbai,18.94132190600771,74.49017692207195,19.15799443603583,73.71456908110646,41.4,Rain,3561.0
470,2026-01-13 01:13:00,Van C,2,Pune,18.452863368735514,74.69551449090285,18.65177395797229,74.36778330861296,26.7,Rain,1283.0
471,2026-01-13 01:50:00,Van C,9,Mumbai,18.400853972018197,73.72934100905842,18.684131909595095,74.31474685124594,20.7,Cloudy,1954.0
472,2026-01-13 02:27:00,Van C,13,Ahilyanagar,18.569821711072592,73.96418946938276,18.761960187867807,74.6689368516922,24.5,Cloudy,1678.0
473,2026-01-13 03:04:00,Van B,14,Nashik,19.115609198175022,74.5543013727063,18.732929344053833,74.12633784746333,27.7,Cloudy,2161.0
474,2026-01-13 03:41:00,Van B,14,Pune,18.917032610582847,74.37622788436344,18.552036172767675,74.19240963067885,30.7,Rain,1745.0
475,2026-01-13 04:18:00,Van B,5,Mumbai,18.537568281549618,74.29472609384138,19.1187003071515,73.90152557671864,30.8,Rain,2109.0
476,2026-01-13 04:55:00,Van C,7,Nashik,19.112211169458895,73.76625194804959,18.602646080564515,74.58897827796295,31.4,Cloudy,1087.0
477,2026-01-13 05:32:00,Van C,3,Nashik,18.77596475222987,74.11793106015375,18.96421792758212,74.64165069102579,24.8,Rain,871.0
478,2026-01-13 06:09:00,Van A,17,Nashik,18.780873405342927,74.73812027829278,18.453724542187977,73.8639959849346,29.7,Cloudy,2203.0
479,2026-01-13 06:46:00,Van B,11,Pune,19.148433555074124,73.73707140444324,18.43100106522274,74.172148488786,23.6,Cloudy,1496.0
480,2026-01-13 07:23:00,Van A,17,Nashik,18.44758935374667,74.17572348243777,18.922984378061535,74.77148599443522,24.9,Clear,2921.0
481,2026-01-13 08:00:00,Van A,18,Pune,18.572142619702973,74.83417794520493,18.671212686058606,73.70324872841094,23.4,Cloudy,60000.0
482,2026-01-13 08:37:00,Van C,21,Pune,18.86861706012378,73.76105688145402,18.924367514176,74.05851088474716,22.1,Cloudy,2752.0
483,2026-01-13 09:14:00,Van A,16,Nashik,18.556389207665603,74.59964690125356,18.475216961735065,74.36605074206307,33.3,Rain,2024.0
484,2026-01-13 09:51:00,Van C,19,Pune,18.943621607367167,74.00913513941845,19.15988110393269,74.10091263159195,31.4,Rain,2034.0
485,2026-01-13 10:28:00,Van B,18,Nashik,18.571273831469377,74.73993059858441,18.998811573514477,74.0264542270132,32.9,Clear,2537.0
486,2026-01-13 11:05:00,Van A,19,Mumbai,18.47932557647905,74.59528157475124,19.101013786420637,74.25204498188386,28.2,Cloudy,2610.0
487,2026-01-13 11:42:00,Van B,18,Pune,18.56558812771267,74.76284620503004,18.509176443235607,73.91782772973164,31.9,Rain,2415.0
488,2026-01-13 12:19:00,Van B,10,PUNE,18.738187227417647,73.95910974851752,18.656128775114293,74.33555028915139,19.2,Cloudy,1916.0
489,2026-01-13 12:56:00,Van C,8,Pune,18.540910639338463,74.33755130578233,18.694675331365072,74.54803510557588,32.3,Cloudy,1779.0
490,2026-01-13 13:33:00,Van B,23,Ahilyanagar,18.507753619938676,74.63512393228977,18.829738118661453,74.39035394315421,28.9,Rain,3182.0
491,2026-01-13 14:10:00,Van C,10,Nashik,19.088225508975153,73.99483969159398,18.63749478840593,73.81173119703024,31.1,Cloudy,1755.0
492,2026-01-13 14:47:00,Van C,16,Nashik,18.656317762877844,73.97689556632066,18.448504593751522,74.7132903369987,29.9,Rain,2090.0
493,2026-01-13 15:24:00,Van C,6,Pune,18.688606949214602,73.73261856019711,18.695102704589974,73.909973404985,23.1,Cloudy,1670.0
494,2026-01-13 16:01:00,Van B,13,Nashik,18.44421632760098,74.85021835277055,18.603639451701824,74.61777440073335,,Clear,2139.0
495,2026-01-13 16:38:00,Van A,16,Nashik,18.68589569880164,74.55202025606555,18.70873703317057,74.13267813293102,,Cloudy,2687.0
496,2026-01-13 17:15:00,Van B,19,Nashik,18.611845741857262,74.46267242481223,18.55756763409602,74.63931361766733,30.8,Rain,2942.0
497,2026-01-13 17:52:00,Van A,16,Ahilyanagar,18.88838805387343,74.59279366723399,18.609517099651786,73.94752748408642,31.5,Cloudy,1993.0
498,2026-01-13 18:29:00,Van B,11,Mumbai,18.564312238137923,74.33793550243453,18.901561872345813,73.92399452443452,21.2,Rain,1515.0
499,2026-01-13 19:06:00,Van C,28,Nashik,19.110692362450273,74.2713605853085,18.71052306766245,74.29643101546098,23.1,Clear,3333.0
500,2026-01-13 19:43:00,Van B,15,Mumbai,19.143733296735643,74.23943868934823,18.676306714535592,73.73952321763804,24.4,Rain,2008.0
305,2026-01-08 19:28:00,Van B,22,Ahilyanagar,18.62681661327938,73.98319671514467,18.65912101017543,74.04226530259264,27.7,Cloudy,2856.0
341,2026-01-09 17:40:00,Van B,9,Ahilyanagar,18.592181020919202,73.93422263578239,18.689039119082146,74.6211932392385,23.8,Cloudy,1352.0
48,2026-01-02 04:59:00,Van C,18,AHILYANAGAR,18.53239020606542,73.89927515889677,18.63186729107959,73.75181027006826,26.0,Cloudy,60000.0
68,2026-01-02 17:19:00,Van B,8,Ahilyanagar,18.8289603304891,73.73183892464729,18.778044786669483,74.61689126410555,22.0,Rain,
480,2026-01-13 07:23:00,Van A,17,Nashik,18.44758935374667,74.17572348243777,18.922984378061535,74.77148599443522,24.9,Clear,2921.0
486,2026-01-13 11:05:00,Van A,19,Mumbai,18.47932557647905,74.59528157475124,19.101013786420637,74.25204498188386,28.2,Cloudy,2610.0
311,2026-01-08 23:10:00,Van B,2,Ahilyanagar,19.162337974788453,74.8985955648004,19.156333257951957,74.44120335266437,32.1,Rain,863.0
32,2026-01-01 19:07:00,Van A,5,Pune,19.135034944722143,74.19040325284006,19.037257383842153,73.92572507374562,22.6,Clear,980.0
250,2026-01-07 09:33:00,Van A,5,Mumbai,18.62471710877132,74.49503551323944,18.81605752980919,74.29832004607056,35.1,Rain,1185.0
91,2026-01-03 07:30:00,Van B,24,Ahilyanagar,18.40997590235297,73.82132739912271,18.42571927024228,73.9043829057342,30.3,Cloudy,3192.0
323,2026-01-09 06:34:00,Van B,4,Ahilyanagar,18.75515430911678,74.36259524396532,18.62358989885615,74.60121050345907,39.8,Cloudy,1507.0
169,2026-01-05 07:36:00,Van B,27,Mumbai,18.643573221180826,74.77870589158462,18.879541446863946,73.78084916615961,27.7,Clear,3884.0
